,modelGb1_bin16,modelGb1_bin17,modelGb1_bin20,modelGb1_bin43,modelGb2_bin20,modelGb2_bin21,modelGb4_bin17,modelGb7_bin10,modelGb7_bin15,modelGb7_bin28,modelGb7_bin5,modelGb7_bin9,modelGb8_bin5,modelGb8_bin50
3PEPTabcpp,0,,4.85810895,0,3.383700114,2.505942655,0,2.181774629,,1.725908946,4.486465042,2.34305604,3.369515273,1.664194021
3PGt6,996.9803305,,,,,,,,,,0,,,
3SALATAi,0,,,,0,0,,,,,0,,0,
4HPRO_LT_Et,0,,,,0,29.02460467,,,,,0,,-3.89E-16,-5.29E-14
4PEPTabcpp,2.12739675,,,0.981851294,-5.25E-16,,1.510886352,0,3.209126362,0,0,,,0
4PEPTtex,2.12739675,,,0.981851294,0,,1.510886352,,3.209126362,,,0,,0
ACALD,18.43346736,,,,,,,-1000,,,989.1864079,,86.59891801,
ACALDt,18.43346736,0,-3.605275523,-280.6480158,23.68112978,7.25E-15,-9.771589489,-1000,-31.42540199,7.303390815,962.9428665,160.682991,86.59891801,0
ACCOAC,0,0,0,0,0,0,0,0,0,0,0,0,0,0
ACHBS,6.180704505,8.862731807,889.6443311,0,9.830630103,3.00E-19,0,-3.02E-09,9.323442729,0,0,0,9.789419026,4.834966247
ACLS,0,0.024404398,0,0,0,486.2445675,0,0,28.03791239,0,0,0,29.43921907,1.12818625
ACONT,0,0,-781.5971385,280.8394768,-17.68071286,0.011051207,0,0,16.89027387,320.6114944,979.9583774,385.1862391,2.543950336,0
ACONTa,0,0,,,0,0,0,0,,0,0,,0,
ACONTb,0,0,,,0,0,0,0,,0,0,,0,
ACt2r_1,-1000,-1000,,,-1000,,,,,,,,-1000,
ADK1,14.59614356,-82.08050736,,,,,,-10.02329082,-18.40379414,-274.1857509,,,,
ADK4,0,0,,4.382787808,,5.107637379,,0,,,,4.885271843,,
ADNK1,9.486785425,0.00305055,0,0.000981851,,,0,0,0,,,4.76807218,,
ADNt2,9.484658028,,,,,0,,,,,,,,
AGM3PApp,0,,0,,0,0,0,0,,0,,,,
AGM4PApp,0,,,,0,0,,0,,0,0,,,
AGMDA,0,,0,,,0,,,,,,,0,
AGMT,0,0,,0,,0,,0,0,,,,,
AHCi,0.002127397,0.00305055,0,0.000981851,,0.002505943,,-0.004865357,,0.001725909,0.26005346,-0.01045003,0.003369515,0.001664194
AICART,0.002372047,6.214610543,0,0,0,0,6.74278361,0,,0,0,0,0,
AKGDH,1.829454836,,0.009716218,283.0935619,0,0,979.4886828,0,,,0,396.3850043,,
ALAALAr,2.12739675,,,,,,1.510886352,,1.604563181,1.725908946,4.486465042,,3.369515273,1.664194021
ALAALAtex,0,3.050549793,4.85810895,0.981851294,3.383700114,2.505942655,,2.181774629,1.604563181,,,2.34305604,0,0
ALAGLUE,0,,0,,3.383700114,,,2.181774629,,0,4.486465042,,,
ALAR,2.12739675,,0,277.523166,2.09E-14,0,,0,,3.440271561,8.972930084,,6.739030545,
ALAS,0,-8.38457334,0,,26.68990464,,-10.69205167,,,299.4119995,1.022267979,,0,
ALMPC,0,,,,,,,,,,0,,,
AMMQT8,0.002127397,,,,,,,0.002181775,,,,,,0.001664194
AMPTASECG,13.02636941,2.7936935,0,0,1.27E-11,0,0,0,2.938917922,1.58443619,0,23.53073776,0,0
ANHGMtex,0,,0,,0,0,,0,,,0,,,
ANTDR,0.556654634,,,,,,,,,,,,,
APRAUR,0,,0,0.004379057,,0.011176504,0.006738553,,,0,0.020009634,0.01045003,0.015028038,
ARGDC,0,0,0,0,,,,,0,,,,0,
ARGN,1.01E-12,,,,,,,,,,,,,
ARGN_1,4.702716887,,,,0,0,,,,,,0,,
ARGSL,0,9.023282243,14.36989763,0,10.00871424,0,0,0,9.492339049,0,0,,0,0
ARGSS,0,9.023282243,14.36989763,,10.00871424,0,0,0,9.492339049,0,0,,0,0
ARGt5r,10.99538628,,,2.904237581,,,,,,,13.27060468,,,
ASNt4,5.128196237,,,,,,,,,,,,,
ASPA2,0,,,,0,0,,,,,0,,0,
ASPTA,-18.18379608,-28.80600613,,3.958716415,-18.16529255,-6.040700067,,,16.89027387,443.0130623,-20.05692143,-7.962559638,-0.003369515,-11.35507396
ASPTA6,-13.05559984,,26.08061215,-282.5668281,,,,,,-19.60561801,,-2.314505902,,
ATPHs,5.148332047,,0,,,,,5.282360008,,0,,,8.096304992,
ATPPRT,0.002372047,,0,0,0,0,0,0,,0,0,0,0,
BSCT,-0.002127397,,-0.004858109,-0.000981851,-0.0033837,-0.002505943,-0.001510886,-0.002181775,-0.003209126,-0.001725909,-0.004486465,-0.002343056,-0.003369515,-0.001664194
BZt,0.002127397,,1000,0.000981851,0.0033837,0.002505943,0.001510886,0.002181775,0.003209126,,0.004486465,0.002343056,0.003369515,0.001664194
CA2abc,0.110731001,,,,,,0.078641635,,,,,,,0.086621299
CAT,280.5509964,0,461.3409884,,,0,0,0.094645383,,,,0,,
CBPAH,0,,0,,,0,,,,,,,0,
CBPS,0,9.023282243,0,0,0,0,0,0,0,0,0,0,0,0
CDDTPP,0,,,,,3.34563392,,,,0,-0.03589172,,,
CGLYtex,4.62E-29,,,,,0,0,,,,,,,0
CHORM,6.874916613,,6.709971501,,,4.64263466,,3.008579943,,0,,3.236205571,4.653940799,
CHORS,0,0,,0,0,0,0,0,,0,0,,4.653940799,0
CHORt2,6.874916613,0.00305055,6.709971501,0.558113731,,4.659399416,0,14.23357041,,,0,3.236205571,,0
CO2t,-1000,-1000,-1000,-1000,-1000,-1000,-1000,-1000,-827.4447388,-1000,-1000,-1000,-1000,-36.26277643
CO2tex,0,0,1.47E-13,1.47E-13,0,1.47E-13,0,0,0,0,1.47E-13,1.47E-13,1.47E-13,0
CO2tpp,0,0,1.47E-13,1.47E-13,0,1.47E-13,0,0,0,0,1.47E-13,1.47E-13,1.47E-13,0
COAt,0.012253805,0.017571167,-0.224881863,0.005655463,0.019490113,0.01443423,0.008702705,0.012567022,0.018484568,0.009941236,0.025842039,0.013496003,0.019408408,
COBALTt5,-0.002127397,,-0.004858109,,,,-0.001510886,-0.002181775,-0.003209126,,-0.004486465,-0.002343056,2.014397315,-0.001664194
CS,0,,19.16157575,280.8394768,0,0,0,0,16.89027387,320.4617718,979.9430786,385.1862391,0,
CTPS1,3.415003634,,7.798479392,1.583971601,0,0,2.221252233,3.502293723,,0,7.237789729,3.779935156,5.435870513,2.451870127
CTPS2,0,,0,0,0,0,0,0,,0,0,0,0,0
CYANST,6.513184706,,,0,,,,,,,,,,
CYANt2pp,17.59128417,,,0,,,,,,,,,,
CYANtex,17.59128417,,,0,,,,,,,,,,
CYOO2pp,2.647965417,,,,,,,,0.129584523,317.1538477,,643.4973532,,
CYSTA,11.07809947,,,,0,0,,,,,0,,0,
CYTBD,419.9019444,,,,,,,,,,,,448.9091519,
CYTMQOR3pp,2.647965417,,0,,,,,,0.129584523,317.1538477,,643.4973532,93.53299295,
Clt,0.110731001,,0.252864571,0.05110536,0.176121591,0.130434315,0.078641635,0.113561369,0.167035027,,0.233520505,0.121956067,0.17538327,0.086621299
Cuabc,0.015083243,0.021628398,,0.006961326,0,,,0.015468782,0.022752706,,0.031809037,0.016612267,0.023889863,0.011799136
DALAt2pp,0,,,,,,,,,,,,0,
DB4PS,0,,0,0.008758114,,0.022353008,0.013477106,,,0,0.040019268,0.02090006,0.030056076,
DDPGA,0,,,,0,29.02460467,,,,,0,,0,0
DHAD1,0,0.024404398,0,4.154821574,29.56315103,486.2445675,6.807011389,,28.03791239,7.303390815,9.243329332,219.1973493,29.43921907,1.12818625
DHAD2,6.180704505,8.862731807,889.6443311,0,9.830630103,0,0,412.6054011,9.323442729,0,0,0,9.789419026,4.834966247
DHAPtr,-987.6796285,,0,,85.15195818,,,,59.56234802,,,6.569085635,,5.912848073
DHNAOT_1,0.002127397,,,,,0.002505943,0.001510886,,,0.001725909,,,0.003369515,
DHPPDA2,0,,0,0,,0,0,,,0,0,0,0,
DHQTi,0,0,0,0,0,0,0,0,,0,0,0,0,
DMATT,0.002127397,0.00305055,0.004858109,0.000981851,0.0033837,0.002505943,0.001510886,0.002181775,0.003209126,39.15413479,0.004486465,0.002343056,0.003369515,0.001664194
DPMVD,0.017019174,0.024404398,,,,,0.012087091,0,0.025673011,,,0,,0.008083228
DTMPK,0.556654634,0.798206859,1.271172788,0.25691121,0.885378972,0.655704955,0.395338523,0.570883149,0.839700004,0.451601335,1.173928443,0.613084043,0.881667366,0.435453008
DTMPt6,0.556654634,,1.271172788,,,,0.395338523,0.570883149,0.814026993,,,0.613084043,0.881667366,0.435453008
DUTCP,0,,,,-6.767400227,,,,,,,,,
ECOAH1_1,0,,,1.490754639,0,,0,,,0,,-198.7262327,0,
EHGLAT,0,,,,0,29.02460467,,,,,0,,0,0
ENO,996.9803305,318.1151108,983.96569,0,954.6061065,0,,,59.55519167,-140.4309996,23.59772937,16.72775655,,
FADMQOR,0,245.5357443,,0.000981851,,0,0,0,,,,643.4996963,,
FBA,493.8433723,0.003401363,,3.86E-15,,-5.72E-13,,,,0,0,-3.269945578,,
FE2t,0.30896183,,,,3.827652848,,,,322.0733533,,,,0.226262951,0.241690898
FE3DCITCH,0,,0,,0,,,0,,0,0.429049625,,-0.263091752,0
FE3DCITR5,0,,,,,,,,,,,,,
FE3PYOVDL2,0,0,0,0,0,0,0,0,0,0,0,0,0,0
FEROc,0.041526785,,,,51.39766877,,,,80.46446512,,,,,0.032485067
FMNAT,0.004744095,0.006802726,0.010833583,0.002189528,0.007545651,0.005588252,0.003369277,0.004865357,0.007156352,0.003848777,0.010004817,0.005225015,0.007514019,
FORt2,0.007116142,,,,,,,,,,,,,0
FTHFLi,0.007116142,12.43602381,0,0,0.015091303,0.005588252,,0.004865357,0.007156352,,,0,0,0.003711153
FUM,0,21.45250333,14.37475573,,,0,0,0,,0,,390.8342928,0.003369515,
FUMtr,0,,,,,-2.797559202,,,-9.489129923,,,,,
G1PACT,2.12739675,,9.7162179,0.981851294,0,,3.021772703,2.181774629,,3.451817892,,2.34305604,6.739030545,0
G1SAT,0,8.38457334,,0,0,,10.69205167,,,0,0,,0,0
G5SADs,4.702716887,,,,,,0,,,0,,,,3.678784093
G5SD,0,,0,0,0,,0,,,0,,0,,
GAM6Pt,2.12739675,0,,0.981851294,0,,,,0,3.451817892,0,,6.739030545,
GCCa,0,,0,0,0,0,0,0,,0,0,0,0,
GCCb,0,,0,0,0,0,0,0,,0,0,0,0,
GCCc,0,,0,0,0,0,0,0,,0,0,0,0,
GCDH,0,0,,0,0,0,,0,,,,,0,
GGLUCT2,13.02636941,0,0,,0,0,0,0,,0,0,0,0,
GHMT2r,0.006871492,0.808060135,5.44625591,281.5167676,20.07973368,-6.832076758,-4.119205005,-6.002898352,-2.711647593,149.4239689,,-5.056127489,-2.633225643,0.005375347
GK1,5.150704094,,11.79461407,2.381568681,8.192377856,6.095154201,3.664790826,,,,10.88232474,,,
GLCOAS,0,,,,0,0,,0,,,0,,0,0
GLNS,5.605573431,29.48713289,22.50081741,,8.927182173,6.600226943,0,0,0,0,0,8.524717358,8.882244429,4.383204138
GLU5K,0,,0,0,0,,0,,,0,0,0,,
GLUABUTt7,0,,,,,-32.64185772,,,,0,,,,
GLUDC,0,,0,,,0,,,0,,,,,
GLUDy_1,-7.45081355,,,,,,975.1729795,,,,-14.2140993,,,
GLUN,0,0,,0,0,0,,,0,0,,0,0,0
GLUSx,0,0,0,0,0,,0,0,,0,0,0,0,
GLUTARt2rpp,0,,,,,,,,,,,,,0
GLUTARtex,0,,,,,,,,,,,,,0
GLU_Dt2,0,3.050549793,,,,,,,,,,,,
GLUt2rpp,-5.70E-29,0,,,0,0,974.4516672,0,,0,0,,0,
GLYCL,0,,0,0,0,6.840170952,17.61639094,5.913118326,2.75878966,0,0.290067911,5.071802534,2.644109177,
GLYCLTDx,561.1019929,0,,147.0822366,481.598827,0,0,,,0,500.0775699,4.691184796,158.772084,0
GLYCLTt,0,,,-283.0567327,,,,,,,,-4.691184796,,0
GLYCTO1,561.1019929,0,0,,0,0,0,0,,0,500.0775699,,65.23572156,
GMPS,5.150704094,0,0,2.381568681,0.007545651,0,,5.282360008,0,0,20.02219619,,8.17306255,4.02923007
GMPS2,0,,,0,0,0,3.664790826,0,0,0,0,,0,0
GRTT,0.002127397,0.00305055,0.004858109,0.000981851,0.0033837,0.002505943,0.001510886,0.002181775,0.003209126,39.15413479,0.004486465,0.002343056,0.003369515,0.001664194
GSEALD,0,,0,,0,0,,,0,,,,,
GTHOXti,6.513184706,,,,,,,,,0.792218095,,,0,
GTHRDHpp,0,0.158781037,0,0,0,0,,0,,0,0,0,0,
GTHRDabc2pp,-5.70E-29,,,,,0,,,,0,0,,,
GTHRDabcpp,0,0,0,0,0,,0,0,,,,23.53073776,,
GTMLT,13.02636941,0,0,,0,0,0,0,,0,0,0,0,
GTPCII2,0,,0,0,,0,0,,,0,0,0,0,
GUAt,0,,,,0,,,,,,,,,
GUAt2r,0,,,,0,,,,,,,,,
H2Ot,-867.2069907,-754.6260873,1000,0,0,0,-73.03555501,1000,-110.1097446,-1000,-153.3767482,-402.8254802,809.2534841,-121.3104877
H2Otex,0,-245.3739127,99.66102735,0,-642.7585587,-176.2510286,-0.005356092,0,0,-173.4997047,0,0,0,0
H2Otpp,0,0,99.66102735,0.038331475,320.4323279,814.6307357,0,593.5673904,-193.7466458,-175.8039312,0,0,-7.77E-16,-3.596572909
H2SO,0.092286471,0.13233285,0.210744766,157.9749635,0.146784911,0,0.06554225,,,0.07486993,0.194622854,,0.146169573,0.072192737
H2St1,-6.605471177,-0.13233285,677.8158934,6.52480441,-3.253123126,2.294942284,0,-1.995887431,208.8719152,-0.07486993,0,21.40082953,0,-0.072192737
HACD1_1,0,,,1.490754639,0,,0,,,0,,-198.7262327,0,
HCO3E,5.128196237,9.047686641,30.86743217,0,0,0,0,0,0,0,0,0,0,0
HEX7_1,246.9240582,,,,,,,,,0,,0,0,
HISTD,0.002372047,,,,,0,,0,,0,0,0,,
HISTP,0.002372047,,0,,0,0,0,0,,,0,0,0,
HISabcpp,2.013081086,2.890029863,,,,,0,0,,0,,2.219764431,,1.576624132
HIStex,2.013081086,2.890029863,,,,,0,0,,0,,2.219764431,,1.576624132
HMBS_1,0,,,,,,,,,,0.127783497,,,0
HMGCOAR,-0.017019174,-0.024404398,,,,,-0.012087091,0,-0.025673011,,,0,,-0.008083228
HMGCOAS,0,0,,0,,,-0.012087091,,-0.025673011,,,,,-0.008083228
HMR_9638,0,,,,,0,,,,,0,0,-0.006739031,
HPROb,0,,0,,0,-29.02460467,,,,0,0,,,0
HSTPTr,0.002372047,,,,0,,0,0,,,,,,
ICL,0,,,,0,,,0,,,,,,
ID6P,493.8433723,63.7913174,,,,,,0,,,,,,
IG3PS,0.002372047,,0,0,0,0,0,0,,0,0,,,
IGPDH,0.002372047,,,,0,0,0,0,,0,0,,,
IGPDH_1,0,,0,0,,,,,,,,0,0,
ILEDHr_1,-6.180704505,,,,,,,,,,,,,
ILEt2r,0,,14.11421535,,,,,,,,,,,
IMPC,-0.002372047,-6.214610543,0,0,0,0,-6.74278361,0,,0,0,0,0,
IMPD,5.150704094,0,0,0.115504986,0,0,3.664790826,5.282360008,0,0,0,0,8.096304992,4.02923007
IPDDI,0.002127397,0.00305055,,,0,-0.017541599,0.001510886,,0.003209126,,,,,0.001664194
IPMD,0,0.024404398,0,0,15.24461796,0,6.807011389,0,14.45810909,1.70E-11,9.243329332,10.55619381,15.18071085,
IPPMIa,0,-0.024404398,0,0,-15.24461796,0,-6.807011389,0,-14.45810909,-1.70E-11,-9.243329332,-10.55619381,-15.18071085,
IPPMIb,0,-0.024404398,0,0,-15.24461796,0,-6.807011389,0,-14.45810909,-1.70E-11,-9.243329332,-10.55619381,-15.18071085,
IPPS,0,0.024404398,0,0,15.24461796,0,6.807011389,0,14.45810909,1.70E-11,9.243329332,10.55619381,15.18071085,
KARA1,0,-0.024404398,0,-4.154821574,-29.56315103,-486.2445675,-6.807011389,,-28.03791239,-7.303390815,-9.243329332,-219.1973493,-29.43921907,-1.12818625
KARA2,6.180704505,8.862731807,889.6443311,0,9.830630103,-1.07E-18,,412.6054011,,0,0,0.021087504,9.789419026,4.834966247
Kt1,4.152529539,,9.482688603,1.916504997,,,,,,,,,6.577057946,
LADGMDH,0,,0,,3.383700114,,,2.181774629,,0,4.486465042,,,
LALGP,0,,0,,3.383700114,,,2.181774629,1.02E-11,0,4.486465042,,0,
LEUt2r,9.584581854,,,,,,,,,,,,,
LYSt5r,7.300395963,,16.67113525,,,,,,,,15.3957983,8.040454536,,
MALS,0,,,,0,,,0,,0,0,0,,
MAN6PI,0,,505.7071607,0,0,0,0,,0,0,-4.189855866,0,0,
MAN6Pt6,0,,,,,,,,,,,,,
MBCOAi,0,0.024404398,,0,0,0,0,0,,,,0,0,
MCA,0,,0,,,0,2.49E-26,,,0,0,,0,
MCCC,0,0.024404398,,0,0,0,,0,,,,0,0,
MCD,0,0,,0,0,0,0,0,0,,,,0,0
MCITD,0,8.38457334,,,0,0,0,0,,0,0,,0,
MCPST,11.07809947,,,,,,,,,,,,,
MCTP1App,0,,0,,0,5.23E-31,0,0,,0,0,,0,
MDDEP2pp,0,,0,,,,0,,,,,,,
METAT,0.006871492,0.009853276,0.010833583,0.00317138,0.015091303,0.008094195,0.003369277,,0.007156352,0.005574686,0.270058277,,0.010883534,0.005375347
METS,0.002127397,0.00305055,5.435422327,0.000981851,0.0033837,0.002505943,0.001510886,,0,0.001725909,0.26005346,0,0.003369515,0.001664194
METabc,3.274255065,,,,,3.856871281,2.325390075,0,,0,,,,2.561344376
MEVK2,0.017019174,0.024404398,,,,,,,,,,0,,
MEVRt,0.017019174,,,,,,,,,,,,,
MGCH,0,0.024404398,,0,0,0,0,0,,,,0,0,
MGt5,-0.184551668,,-0.421440951,-0.0851756,,,-0.131069391,-0.189268949,-0.278391712,,-0.389200842,-0.203260111,,-0.144368831
MICITDr,0,8.38457334,,,0,0,0,0,,0,0,,0,
MLDCP1App,0,,0,,,,0,,,,,,,
MLTGY2pp,0,,0,,,0,0,0,,0,0,,0,
MMCD,1.827327439,8.38457334,,0,23.79843702,0,0,0,0,,,0,0,0
MME,0,8.38457334,,,0,0,,0,,,,0,0,0
MMM,1.827327439,,,,23.79843702,,,0,,,,,,
MMM2,0,8.38457334,,,0,0,,0,,,,0,0,0
MNt2,0.014700312,,0.033569533,0.006784592,,,,0.015076063,,,,,,
MPTG,0,,0,,0,-7.39E-17,0,0,,0,0,,0,
MTHFR2,0.002127397,0.00305055,,,0,,,,0,,0.26005346,,,
MVNOR,0.017019174,,,,,,,,,,,,,
NADDP,0,0,0,0,0,0,0,,,0,0,0,0,
NADDPp_1,-0.048462098,-0.069491524,0,,-0.077080689,,-0.034417991,,-0.073103899,0,0,0,-0.076757558,0
NADH17pp,2.647965417,,0,,,,319.826066,,,,,,0,
NADH6,419.9019444,,,0,453.9474549,,,,,365.5347908,,0,,183.9472539
NADK2,0,,,,,,,,,,,,,
NADK3,0,,,,,,,,55.47905564,,,,,
NADK4,0,,,,0.01512514,,,,,,,,,
NADKd,0.009509463,,0,0.004388875,,,-0.395338523,-0.570883149,-55.46471084,,-1.138036723,0,,-0.435453008
NDPK1,5.150704094,0,10.48209878,5.098390487,,,,0,,41.26630216,,,,
NDPK2,8.608064197,-0.798206859,24.51542661,3.980709884,,,,8.828092864,,5.93892172,,,17.03050735,
NDPK3,0.017019174,0,-1.020785853,-0.263077236,,,,-0.571995855,,133.582532,,,,
NDPK4,-989.1585734,0.811842816,1.271172788,0.261300085,0.885378972,4.001338875,,,,0.451601335,,0.613084043,,
NDPK5,0,0,1.312515295,0.265266764,,,,5.053993657,,0.46628882,,0.63302345,0,0.451279493
NDPK6,0,0.798206859,0,0,,,,0,,0,,0,,
NDPK7,0,0.824167037,1.312515295,0.265266764,0.929299399,0.677030527,0.408196166,0.589450052,,0.46628882,,0,,0.449615299
NDPK8,0,0,1.271172788,0.25691121,,,4.793838424,5.853243157,,3.723907438,,5.683293299,,4.464683078
NDPK9,493.8433723,,0,4.382787808,,,,0,,0,,,,
NH3c,-7.45081355,0,-55.73810419,0,11.64344744,0,975.1729795,11.22499047,0,20.6734784,0,0,1.93E-13,-5.247470019
NH4tex,7.068328888,66.01899193,0,0,0,-833.7399894,0,0,0,-294.9289742,-5.50E-16,0,0,-647.4989925
NH4tpp,7.068328888,66.01899193,0,-0.076662949,7.10E-12,-824.6217536,0,0,0,-294.9289742,-1.28E-25,2.52E-15,0,-647.4989925
NMNP,0.048462098,,,,0.077080689,,0.034417991,,,,,,,
NPHS,0.002127397,0.00305055,,0.000981851,0.0033837,0.002505943,0.001510886,0.002181775,0.003209126,,0.004486465,,0.003369515,0.001664194
NTP3,0,0,0,0,0,0,0,,,0,0,0,17.94657746,0
NTPP9_1,5.148332047,,,,,,,,,,,,,
O2tex,492.0520511,688.7042206,461.7624779,595.2413828,282.0087498,13.72699003,819.1708173,543.2970279,1000,438.0393918,996.8525519,578.4106441,289.9918354,499.7272989
O2tpp,492.0520511,688.7042206,461.7624779,595.222217,282.0087498,13.72699003,819.1681392,840.0807231,1000,438.0393918,996.8525519,578.4106441,289.9918354,499.7272989
OCBT_2,0,9.023282243,,,,,,,,,,,,
OCTDPS,0.002127397,0.00305055,0.004858109,0.000981851,0.0033837,,0.001510886,0.002181775,0.003209126,0.001725909,0.004486465,0.002343056,0.003369515,
OIVD1r,0,0.024404398,0,0,0,0,0,0,,-7.775754834,9.243329332,0,0,
OMCDC,0,0.024404398,0,0,15.24461796,0,6.807011389,0,14.45810909,1.70E-11,9.243329332,10.55619381,15.18071085,
OPAH,13.02636941,0,0,,0,0,0,0,,0,0,0,0,
ORNTA_1,4.702716887,,,,,,,,,,,,,
ORNt,-1.01E-12,,,,,,,,,,9.917555299,,,337.5023781
P52O,0,,0,,0,,,2.181774629,,,,,,
P5CRx,4.702716887,,0,,,,0,,,0,,,,3.678784093
PAPPT3,2.12739675,3.050549793,4.85810895,0.981851294,3.383700114,2.505942655,1.510886352,2.181774629,3.209126362,1.725908946,4.486465042,2.34305604,3.369515273,1.664194021
PC2DHG,0,,,,,,,,,,,,0,0
PDH2,1.706172194,,,,0,,,,,,,,,0
PDHa,981.9877572,0,0,0,0,0,0,0,,,0,0,,
PDHbr,981.9877572,,0,0,,0,,-374.0813085,,,,0,,
PDHcr,981.9877572,,0,0,0,1.86E-15,,0,,,0,0,,
PEPC,5.128196237,,,,,,,,,,,,,
PGAMT,-2.12739675,,-9.7162179,-0.981851294,0,,-3.021772703,-2.181774629,,-3.451817892,,-2.34305604,-6.739030545,0
PGCM,246.9240582,,,,,,0,,,,,,,
PGI1c,246.9240582,,,,,,,,,0,,,,
PGM,-996.9803305,7.390902543,-983.96569,0,-954.6061065,0,,0,-59.55519167,140.4309996,,0,0,0
PHCD,0,,0,,0,,,0,,,0,,0,0
PHETA1,-3.94132159,-8.862731807,-2.76149487,0,-6.268812016,-4.64263466,,0,0,0,0,0,-24.97012988,0
PMDPHT,0,,0,0.004379057,,0.011176504,0.006738553,,,0,0.020009634,0.01045003,0.015028038,
PMEVK,0.017019174,0.024404398,,,,,0.012087091,0,0.025673011,,,0,,0.008083228
PPANA,5.128196237,,,,,0,10.28192913,0,,0,0,,0,
PPAP_Et,-1.827327439,,,-1.490754639,-87.46559697,0,,,-246.5413636,0,0,0,0,0
PPA_1pp,23.79560278,,,11.01200228,32.98190628,24.55234905,1.417997059,0,,0,34.77795539,,0,0
PPBNGS,0,,0,0,13.34495232,,,,,149.7059997,0.511133989,,0,0
PPCOAC,0,0,,0,,0,0,,0,,,,0,0
PPND,2.933595023,,,,,,,3.008579943,,0,,3.236205571,,
PPNDH,3.94132159,,,,,4.64263466,,,,0,,,,
PRAMPC_1,0.002372047,,,0,,,,,,,,,0,
PRATPP_1,0.002372047,,,,,,,0,,0,,0,,
PRMICI,0.002372047,,0,0,0,0,0,0,,0,0,0,0,
PRPPS,0.002372047,6.214610543,0.110667722,,0.015091303,,6.746152887,-4.583624865,0,10.21969368,34.09742145,0.058599832,10.34879226,0.03791034
PSCVT,0,0,0,0,,0,0,0,,0,0,0,4.653940799,0
PTA2,1.827327439,,,1.490754639,87.46559697,0,,,246.5413636,0,,0,940.463664,0
PTRCTA2,0,,,0,0,0,,0,,,0,0,0,
PYDAMK,0,,,,,,,,,,,,,
PYDAMtex,0,,,,,,,,,,,,,
PYDAMtpp,0,,,,,,,,,,,,,
PYDXS,0.004744095,0,,-0.019705755,0.007545651,-11.75131737,0,,,,0.010004817,-0.02090006,,0.003711153
PYK6,989.7247375,,,,,,,,,,,,0.881667366,
QUINDH,0,,,,,,,,,,,,,
QUIN_Et,0,,,,,,,,,,,0,,
RBFK,0.004744095,0.006802726,,0.002189528,0.007545651,0.005588252,0.003369277,,0.007156352,,,0.005225015,0.007514019,
RBFSa,0,,0,0.008758114,,0.022353008,0.013477106,,,0,0.040019268,0.02090006,0.030056076,
RBFSb,0,,0,0.004379057,,0.011176504,0.006738553,,,0,0.020009634,0.01045003,0.015028038,
RIBFLVt2,0.00948819,0.013605452,0.021667166,,0.015091303,,,0.009730715,0.014312704,0.007697554,,,,0.007422305
RNTR2_2,0.57475878,,,,,,,,,,,,,
RNTR3_2,0.57475878,,,,,,,,0.867009669,,,0.63302345,,
RPE,-0.004744095,,-0.077389676,,-0.015091303,11.72896436,-0.016846383,3.052506338,0,0,-0.050024085,,-0.007514019,0
SAMU3,0,,,,,,,,,,0,,,
SERt2r,4.597623487,,,,,,,,,,,,,
SHCHF,0,,,,,,,,,,0.127783497,,0,0
SHKK_1,0,0,0,,,,0,0,,,0,,4.653940799,0
SKDH_1,0,0,,,,,,,,,,,,
SUCBZT1,0.002127397,,0.004858109,0.000981851,-10.00871424,0.002505943,,0.002181775,0.003209126,,0.004486465,0.002343056,0.003369515,0.001664194
SUCOAACTr,-1000,,,,,,,,,,,,,
SUCOAS,-999.9978726,,,-283.0915982,,,-990.1792236,-702.8380322,,,-990.8556421,-396.3803182,,0.003328388
TALA,-0.002372047,0,-0.033278046,0.010947642,-0.007545651,5.86448218,-0.008423191,1.526253169,,,0,,,
TCYNTtex,-17.59128417,,,0,,,,,,,,,,
TCYNTtpp,-17.59128417,,,0,,,,,,,,,,
THD2pp,13.69402097,,,,416.8949684,,,,,,0,,186.9394943,
THFOR2,0.014232284,,,,,,,0.014596072,,,,,,
THMtrbc,0.004744095,0.006802726,0,0.002189528,0,0.005588252,,,0.007156352,,0,0,0,0
THRD_L,6.180704505,,,,21.90381874,0,,400.5640851,9.323442729,0,,,9.789419026,0
THRt2r,11.5776335,7.738848253,,,,,,,,,,,,
THYMt,0,,,0,17.37414963,,,,,,,-0.018744448,,-9.51E-16
THYMt3pp,0,,,,,,,,,,,,,
THYMtex,0,,,,,,,,,,,,,
TKT1,-0.002372047,0,-0.033278046,0.010947642,-0.007545651,5.86448218,-0.008423191,1.526253169,0,0,0,,0,
TKT2,-0.002372047,0,-0.044111629,-0.010947642,-0.007545651,5.86448218,-0.008423191,1.526253169,0,0,,,-0.007514019,
TMDPK,0.004744095,,,,,,,,0.007156352,,,,,
TPI,-493.8362562,,,-0.537121751,979.2616178,-5.838846386,0.015161745,-1.508798972,59.56234802,,-0.102201674,3.273014982,0,0.012652629
TREP,246.9240582,0,0,,0,,,,,,,,0,
TREt2,246.9240582,,,,,,,,,,,,,
TRPt2r,1.209276135,1.734024019,,,1.923396656,,,,,,,,,
TSULR3e,-6.513184706,,,,,,,,,0,,,0,
TYRTA,-2.933595023,0,-6.709971501,0,0,0,,-3.008579943,-4.425256888,0,-6.196660652,-3.236205571,0,0
TYRTAi,0,,,,0,0,,,,,0,,0,
UAAGDS,0,3.050549793,0,,3.383700114,,0,2.181774629,,0,4.486465042,,0,
UACCpts,2.12739675,3.050549793,,0.981851294,,,,2.181774629,3.209126362,,,2.34305604,,1.664194021
UAGDP,2.12739675,,9.7162179,0.981851294,6.767400227,5.01188531,3.021772703,,,3.451817892,,2.34305604,6.739030545,1.664194021
UAGHD,2.12739675,3.050549793,,0.981851294,,,,,3.209126362,,4.486465042,2.34305604,,
UAGPT3,2.12739675,3.050549793,4.85810895,0.981851294,3.383700114,2.505942655,1.510886352,2.181774629,3.209126362,1.725908946,4.486465042,2.34305604,3.369515273,1.664194021
UAMAGS,0,3.050549793,0,,3.383700114,,0,2.181774629,,0,4.486465042,,0,
UAMAS,0,3.050549793,0,,3.383700114,,0,2.181774629,,0,4.486465042,,0,
UDCPDP,0,,0,,0,-1.48E-16,0,0,,1.725908946,0,,0,
UDCPPtexi,2.12739675,3.050549793,4.85810895,0.981851294,3.383700114,2.505942655,1.510886352,2.181774629,3.209126362,,4.486465042,2.34305604,3.369515273,1.664194021
UGMDDS,2.12739675,3.050549793,4.85810895,0.981851294,3.383700114,2.505942655,1.510886352,2.181774629,3.209126362,1.725908946,4.486465042,2.34305604,3.369515273,1.664194021
UM4PCP,2.12739675,,,,,0,,,,,,,0,0
UM4PL,2.12739675,,,,,0,,,,,,,0,0
UMPK,6.480667447,,19.65731766,3.2557698,3.383700114,6.117106259,5.909386253,6.646318235,,4.664614109,18.18943036,7.156372631,13.66099207,4.850040279
UMPt6,4.353270696,,14.79920871,,,,,,,,,4.87929705,,
UPP3MT,0,,,,,,,,,,0.127783497,,0,0
UPP3S,0,,0,0,3.33623808,,,,,37.42649993,0.127783497,,0,0
URAt,0,-3.050549793,,,-5.882021256,,,99.74282685,-3.209126362,,,,,
URAt2,0,,,,,,,,,,,,,
UREA,4.702716887,0,,,0,,,,129.4187827,,,0,,0
VALt2r,9.002334637,,20.55767099,,,,,,,,,,,5.935761053
XYLI2,246.9240582,,-1.362148975,,,,,,,0,,0,0.007514019,
r0963,0.014232284,0.020408178,,0.006568585,0.022636954,,0.01010783,,,,0.030014451,,0.022542057,0.011133458
r2465_1,-0.007254423,,,-0.003348113,,,,,-0.010943121,,,,-0.011490047,-0.005674902
sink_sheme_c,0,,,,,,,,,,0.127783497,,0,0
EX_3pg_e,-996.9803305,,,,,,,,,,0,,,
EX_4abut_e,0,,,,0,-32.64185772,0,,,0,,,,
EX_4abutn_e,0,,,,,0,,,,,0,0,-0.006739031,
EX_4hpro_LT_e,0,,,,0,-29.02460467,,,,,0,,3.89E-16,5.29E-14
EX_LalaDgluMdapDala_e,-2.12739675,,,-0.981851294,0,,-1.510886352,,-3.209126362,,,0,,0
EX_ac_e,1000,1000,,,1000,0,0,,,0,,0,1000,
EX_acald_e,-18.43346736,0,3.605275523,280.6480158,-23.68112978,-7.25E-15,9.771589489,1000,31.42540199,-7.303390815,-962.9428665,-160.682991,-86.59891801,0
EX_adn_e,-9.484658028,,,,,0,,,0,-3.516038964,,,,
EX_alaala_e,0,-3.050549793,-4.85810895,-0.981851294,-3.383700114,-2.505942655,,-2.181774629,-1.604563181,0,,-2.34305604,0,0
EX_anhgm_e,0,,0,,0,0,,0,,,0,,,
EX_arg__L_e,-10.99538628,,,-2.904237581,,-7.412377898,-4.469080957,-6.453514811,,-5.10510059,-13.27060468,-6.930572321,-9.966756615,-4.922552779
EX_asn__L_e,-5.128196237,,,,,-6.040700067,,-5.259276832,-7.735759552,0,,0,,
EX_bz_e,-0.002127397,,-1000,-0.000981851,-0.0033837,-0.002505943,-0.001510886,-0.002181775,-0.003209126,-0.001725909,-0.004486465,-0.002343056,-0.003369515,-0.001664194
EX_ca2_e,-0.110731001,-0.158781117,-0.252864571,-0.05110536,-0.176121591,-0.130434315,-0.078641635,-0.113561369,-0.167035027,-0.089833561,-0.233520505,-0.121956067,-0.17538327,-0.086621299
EX_cgly_e,-4.62E-29,-2.634912463,-99.66102735,0,0,0,0,0,-2.938917922,0,0,0,0,1.40E-15
EX_chor_e,-6.874916613,-0.00305055,-6.709971501,-0.558113731,,-4.659399416,0,-14.23357041,,,0,-3.236205571,,0
EX_cl_e,-0.110731001,-0.158781117,-0.252864571,-0.05110536,-0.176121591,-0.130434315,-0.078641635,-0.113561369,-0.167035027,-0.089833561,-0.233520505,-0.121956067,-0.17538327,-0.086621299
EX_co2_e,1000,1000,1000,1000,1000,1000,1000,1000,827.4447388,1000,1000,1000,1000,36.26277643
EX_coa_e,-0.012253805,-0.017571167,0.224881863,-0.005655463,-0.019490113,-0.01443423,-0.008702705,-0.012567022,-0.018484568,-0.009941236,-0.025842039,-0.013496003,-0.019408408,
EX_cobalt2_e,-0.002127397,-0.00305055,-0.004858109,-0.000981851,-0.0033837,-0.002505943,-0.001510886,-0.002181775,-0.003209126,-0.001725909,-0.004486465,-0.002343056,-0.003369515,-0.001664194
EX_cu2_e,-0.015083243,-0.021628398,-0.034443992,-0.006961326,-0.023990434,-0.017767133,,-0.015468782,-0.022752706,-0.012236694,-0.031809037,-0.016612267,-0.023889863,-0.011799136
EX_cyan_e,-17.59128417,,,0,,,,,,,,,,
EX_dhap_e,987.6796285,,0,,-85.15195818,,,,-59.56234802,,,-6.569085635,,-5.912848073
EX_dtmp_e,-0.556654634,,-1.271172788,,,,-0.395338523,-0.570883149,-0.814026993,,,-0.613084043,-0.881667366,-0.435453008
EX_fe2_e,-0.30896183,0,,,-3.827652848,-0.168274049,,0,-322.0733533,-37.54239472,0,,-0.226262951,-0.241690898
EX_fe3_e,0,-0.238186928,-0.705543163,0,0,-0.195664003,-0.117970006,-0.170352963,321.6072919,-0.134758971,-0.779352815,-0.340282029,0,0
EX_fe3pyovd_kt_e,0,0,0,0,0,0,0,0,0,0,0,0,0,0
EX_fol_e,-0.014232284,-0.020408178,,-0.006568585,-0.022636954,,-0.01010783,-0.014596072,-0.021469055,,-0.030014451,-0.015675045,-0.022542057,-0.011133458
EX_for_e,-0.007116142,-12.43602381,329.9748475,,,0.044706017,,,0,0,,,0,0.003711153
EX_fum_e,0,,0,,,3.20E-14,,,9.489129923,,,5.548368417,0,
EX_gam6p_e,-2.12739675,0,,-0.981851294,0,,,,0,-3.451817892,0,,-6.739030545,
EX_glu__D_e,0,-3.050549793,,,,,,,,,,,,
EX_glu__L_e,0,,-99.66102735,0,0,32.64185772,-974.4516672,0,0,0,0,0,0,
EX_glutar_e,0,,,,,,,,,,,,,0
EX_glyclt_e,0,,,283.0567327,,,,,,,,4.691184796,,0
EX_gthox_e,-6.513184706,,,,,,,,,-0.792218095,,,0,
EX_gua_e,0,,,,0,-0.002505943,,,,0,,,0,
EX_h2o_e,867.2069907,1000,-1000,0,642.7585587,173.7450859,73.0409111,-1000,110.1097446,993.7744324,153.3767482,402.8254802,-809.2534841,121.3104877
EX_h2s_e,-6.605471177,-0.13233285,677.8158934,6.52480441,638.8741346,2.294942284,0,-1.995887431,208.8719152,-0.07486993,0,21.40082953,0,-0.072192737
EX_h_e,8.284051035,-513.0971546,-1000,-4.876285905,460.7670672,-444.0914546,-5.783808934,-418.2010459,-425.0567149,0,16.182482,134.2723445,-182.5153881,317.6728603
EX_his__L_e,-2.013081086,-2.890029863,,,-3.205649814,-2.374079953,0,0,,0,,-2.219764431,,-1.576624132
EX_ile__L_e,0,0,-14.11421535,-2.852562747,0,-7.280490136,-4.389563009,0,0,-5.014266002,-13.03448202,-6.786169777,,
EX_k_e,-4.152529539,-5.954459657,-9.482688603,-1.916504997,-6.604745763,-4.891424647,-2.949144396,-4.258671352,-6.26399002,-3.368853449,-8.75726571,-4.573481375,-6.577057946,-3.248390236
EX_leu__L_e,-9.584581854,-13.74367249,,-4.423544455,0,-11.2900485,0,0,,0,0,0,0,
EX_lys__L_e,-7.300395963,-10.46829717,-16.67113525,,-11.61153915,-8.599417875,-5.184772713,-7.486999635,-11.01247012,0,-15.3957983,-8.040454536,,-5.710864845
EX_man6p_e,0,,,,,,,,,,,,,
EX_met__L_e,-3.274255065,-4.69507068,,0,-5.207819008,-3.856871281,-2.325390075,0,0,0,-6.905073482,0,,-2.561344376
EX_mevR_e,-0.017019174,,,,,,,,,,,,,
EX_mg2_e,-0.184551668,-0.264635195,-0.421440951,-0.0851756,-0.293535985,-0.217390525,-0.131069391,-0.189268949,-0.278391712,-0.149722601,-0.389200842,-0.203260111,-0.29230545,-0.144368831
EX_mn2_e,-0.014700312,-0.021079299,-0.033569533,-0.006784592,-0.023381368,-0.017316064,-0.010440225,-0.015076063,-0.022175063,-0.011926031,-0.031001473,-0.016190517,-0.023283351,-0.011499581
EX_nh4_e,-7.068328888,-66.01899193,1000,283.7598953,0,833.7399894,999.1518111,971.1080749,1000,294.9289742,0,-6.277199429,0,647.4989925
EX_nmn_e,-0.048462098,-3.400051282,,-7.228349955,-0.077080689,-17.67847317,-0.034417991,-4.633325691,-0.073103899,,,,,
EX_o2_e,-492.0520511,-688.7042206,-461.7624779,-595.2413828,-282.0087498,-13.72699003,-819.1708173,-543.2970279,-1000,-438.0393918,-996.8525519,-578.4106441,-289.9918354,-499.7272989
EX_orn_e,1.01E-12,-9.023282243,,,0,7.412377898,0,0,,0,-9.917555299,,9.966756615,-337.5023781
EX_ppap_e,1.827327439,,,1.490754639,87.46559697,0,,,246.5413636,0,0,0,0,0
EX_pydam_e,0,,,,,,,,,,,,,
EX_pyovd_kt_e,0,0,0,0,0,0,0,0,0,0,0,0,0,0
EX_quin_e,0,,,,,,,,,,,0,,
EX_ribflv_e,-0.00948819,-0.013605452,-0.021667166,,-0.015091303,,,-0.009730715,-0.014312704,-0.007697554,,,,-0.007422305
EX_ser__L_e,-4.597623487,,,0,0,0,0,0,,0,,0,,
EX_tcynt_e,17.59128417,,,0,,,,,,,,,,
EX_thm_e,-0.004744095,-0.006802726,0,-0.002189528,0,-0.005588252,,-0.004865357,-0.007156352,,0,0,0,0
EX_thr__L_e,-11.5776335,-7.738848253,,-2.490829093,0,-6.357250743,-3.832922259,-404.5950301,,-4.378406628,-11.38157857,-5.944028575,,
EX_thym_e,0,,,0,-17.37414963,,,0,-246.5413636,,,0.018744448,,9.51E-16
EX_tre_e,-246.9240582,0,,,1.21E-12,0,0,0,,0,-23.7558324,,0,
EX_trp__L_e,-1.209276135,-1.734024019,,,-1.923396656,0,,0,,0,,,,-0.945977807
EX_uaccg_e,-2.12739675,-3.050549793,,-0.981851294,,,,-2.181774629,-3.209126362,,,-2.34305604,,-1.664194021
EX_udcpp_e,-2.12739675,-3.050549793,-4.85810895,-0.981851294,-3.383700114,0,-1.510886352,-2.181774629,-3.209126362,,-4.486465042,-2.34305604,-3.369515273,-1.664194021
EX_ump_e,-4.353270696,,-14.79920871,,,,,,0,0,,-4.87929705,,
EX_ura_e,0,3.050549793,,-2.266063695,5.882021256,,,-99.74282685,3.209126362,,,,,
EX_val__L_e,-9.002334637,-12.90876751,-20.55767099,0,0,0,-6.393496903,-9.232441156,0,0,-18.9850152,0,,-5.935761053
EX_zn2_e,-0.007254423,-0.010402375,-0.016566152,-0.003348113,-0.011538417,-0.008545264,-0.005152122,-0.007439851,-0.010943121,-0.00588535,-0.015298846,-0.007989821,-0.011490047,-0.005674902
Growth,21.2739675,30.50549793,48.5810895,9.818512944,33.83700114,25.05942655,15.10886352,21.81774629,32.09126362,17.25908946,44.86465042,23.4305604,33.69515273,16.64194021
ATPM,0,0,0,0,0,0,0,0,0,0,0,0,0,0
